{
  "ModId": "p3rpc.skins.pq2portrait_outlines",
  "ModName": "PQ2 Party Panels - Colored Outlines",
  "ModAuthor": "junior",
  "ModVersion": "1.0.0",
  "ModDescription": "Chibi party panels with color-themed outlines!",
  "ModDll": "",
  "ModIcon": "junpeipanel.png",
  "ModR2RManagedDll32": "",
  "ModR2RManagedDll64": "",
  "ModNativeDll32": "",
  "ModNativeDll64": "",
  "Tags": [],
  "CanUnload": null,
  "HasExports": null,
  "IsLibrary": false,
  "ReleaseMetadataFileName": "p3rpc.skins.pq2portrait_outlines.ReleaseMetadata.json",
  "PluginData": {
    "GitHubDependencies": {
      "IdToConfigMap": {
        "UnrealEssentials": {
          "Config": {
            "UserName": "AnimatedSwine37",
            "RepositoryName": "UnrealEssentials",
            "UseReleaseTag": false,
            "AssetFileName": "Mod.zip"
          },
          "ReleaseMetadataName": "UnrealEssentials.ReleaseMetadata.json"
        },
        "Reloaded.Memory.SigScan.ReloadedII": {
          "Config": {
            "UserName": "Reloaded-Project",
            "RepositoryName": "Reloaded.Memory.SigScan",
            "UseReleaseTag": false,
            "AssetFileName": "Mod.zip"
          },
          "ReleaseMetadataName": "Reloaded.Memory.SigScan.ReloadedII.ReleaseMetadata.json"
        },
        "reloaded.sharedlib.hooks": {
          "Config": {
            "UserName": "Sewer56",
            "RepositoryName": "Reloaded.SharedLib.Hooks.ReloadedII",
            "UseReleaseTag": true,
            "AssetFileName": "reloaded.sharedlib.hooks.zip"
          },
          "ReleaseMetadataName": "Sewer56.Update.ReleaseMetadata.json"
        },
        "UTOC.Stream.Emulator": {
          "Config": {
            "UserName": "AnimatedSwine37",
            "RepositoryName": "UnrealEssentials",
            "UseReleaseTag": false,
            "AssetFileName": "Mod.zip"
          },
          "ReleaseMetadataName": "UTOC.Stream.Emulator.ReleaseMetadata.json"
        },
        "reloaded.universal.fileemulationframework": {
          "Config": {
            "UserName": "Sewer56",
            "RepositoryName": "FileEmulationFramework",
            "UseReleaseTag": false,
            "AssetFileName": "Mod.zip"
          },
          "ReleaseMetadataName": "Reloaded.Universal.FileEmulationFramework.ReleaseMetadata.json"
        }
      }
    },
    "GitHubRelease": {
      "UserName": "junior-SM",
      "RepositoryName": "PQ2-Party-Panels-Outlines",
      "UseReleaseTag": true,
      "AssetFileName": "p3rpc.skins.pq2portrait_outlines.zip"
    },
    "GameBanana": {
      "ItemType": "Mod",
      "ItemId": 501212
    }
  },
  "IsUniversalMod": false,
  "ModDependencies": [
    "UnrealEssentials"
  ],
  "OptionalDependencies": [],
  "SupportedAppId": [
    "p3r.exe"
  ],
  "ProjectUrl": ""
}
